policy_id,month,avg_monthly_profit,avg_cumulative_profit,avg_revenue,avg_cost,avg_utilization,avg_idle,avg_short,avg_internal_ratio
P0,1,797.015501,797.015501,1366.403143,569.387642,0.351473684,49.288000,0.000000,1.000000000
P0,2,826.801980,1623.817481,1400.174714,573.372734,0.385825188,46.677286,0.000000,1.000000000
P0,3,877.904261,2501.721742,1457.569857,579.665596,0.352738722,49.191857,0.000000,1.000000000
P0,4,968.747354,3470.469096,1545.144143,576.396789,0.398381579,45.723000,0.000000,1.000000000
P0,5,1095.049231,4565.518327,1665.046052,569.996821,0.448153206,41.940356,0.000000,0.999835789
P0,6,1274.718827,5840.237154,1839.949260,565.230432,0.508542548,37.350766,0.000000,0.999344685
P0,7,1516.230539,7356.467693,2080.015752,563.785213,0.580274180,31.902361,0.000000,0.997235444
P0,8,1861.041550,9217.509243,2422.977544,561.935994,0.661525710,25.843592,0.000000,0.990673798
P0,9,2194.431637,11411.940880,2769.229463,574.797827,0.729264645,20.963886,0.000000,0.979696922
P0,10,2505.518827,13917.459707,3098.451526,592.932700,0.771111696,18.119634,0.000505,0.963207355
P0,11,2777.501772,16694.961479,3398.424690,620.922917,0.800181715,16.285974,0.056929,0.942714726
P0,12,2964.736969,19659.698448,3613.201815,648.464846,0.816540965,15.298087,0.196188,0.921674127
P0,13,3099.274819,22758.973267,3756.678408,657.403589,0.824682433,14.808814,0.351225,0.761742658
P0,14,3220.615870,25979.589137,3890.039444,669.423574,0.833110260,14.284499,0.639083,0.740614695
P0,15,3263.250016,29242.839153,3947.400365,684.150349,0.839899093,13.835351,0.964678,0.716101474
P0,16,3382.712259,32625.551412,4083.002048,700.289789,0.847472478,13.311708,1.447875,0.687566088
P0,17,3358.389195,35983.940607,4054.849251,696.460056,0.845748216,13.434400,1.237545,0.660219859
P0,18,3362.437780,39346.378387,4050.490721,688.052941,0.843250382,13.609411,0.920029,0.635777364
P0,19,3169.391483,42515.769870,3833.950215,664.558732,0.834436914,14.158973,0.414088,0.610646474
P0,20,3190.493940,45706.263810,3851.603842,661.109903,0.832658498,14.256376,0.296550,0.587972223
P0,21,3289.605187,48995.868997,3963.636742,674.031554,0.836653005,13.975828,0.490864,0.565408865
P0,22,3228.201215,52224.070212,3894.177635,665.976420,0.833697447,14.160154,0.341518,0.543114602
P0,23,3139.456441,55363.526653,3796.633540,657.177099,0.827945666,14.539325,0.157399,0.520644773
P0,24,3166.613924,58530.140578,3835.560400,668.946475,0.835064290,14.095127,0.226259,0.500621730
P0,25,3136.252613,61666.393191,3813.195043,676.942430,0.836811297,13.997959,0.235606,0.279294212
P0,26,2972.192493,64638.585684,3644.742429,672.549936,0.830635236,14.391819,0.166852,0.265239416
P0,27,3001.353533,67639.939217,3675.712158,674.358625,0.831946312,14.318614,0.166624,0.261867250
P0,28,3043.471203,70683.410420,3718.506124,675.034921,0.832310957,14.300616,0.121411,0.260885133
P0,29,3077.021024,73760.431443,3750.824604,673.803581,0.830939604,14.399573,0.101901,0.261444441
P0,30,3084.705819,76845.137262,3750.734628,666.028809,0.830288964,14.437190,0.078041,0.263163270
P0,31,3144.896768,79990.034030,3812.011508,667.114740,0.833553192,14.203761,0.164241,0.264641692
P0,32,3127.574625,83117.608655,3795.647841,668.073215,0.835116985,14.071230,0.257575,0.264218240
P0,33,3255.574133,86373.182788,3931.831810,676.257677,0.844561772,13.426891,0.364219,0.262907301
P0,34,3293.462042,89666.644830,3977.392848,683.930806,0.849013580,13.122962,0.477057,0.259177758
P0,35,3490.364126,93157.008956,4190.372726,700.008600,0.857337640,12.539963,0.760232,0.254529991
P0,36,3684.679301,96841.688257,4389.910667,705.231366,0.861142618,12.299662,0.806686,0.249198224
P0,37,3833.921080,100675.609336,4530.908988,696.987909,0.857832280,12.540018,0.649701,0.193717399
P0,38,3954.987865,104630.597201,4637.501865,682.514000,0.853122131,12.856545,0.502189,0.191613370
P0,39,3948.072713,108578.669914,4615.033066,666.960353,0.842647328,13.567597,0.191363,0.190462793
P0,40,3829.548132,112408.218046,4481.237925,651.689793,0.825675253,14.703260,0.042995,0.190780374
P0,41,3789.831043,116198.049089,4444.963848,655.132805,0.824804642,14.754942,0.007476,0.195760522
P0,42,3764.249447,119962.298535,4416.461353,652.211907,0.828412158,14.524064,0.004626,0.203774363
P0,43,3769.159341,123731.457876,4434.148873,664.989532,0.830323470,14.407887,0.005983,0.213238083
P0,44,3760.723923,127492.181799,4426.742136,666.018213,0.830263122,14.430287,0.005150,0.223465198
P0,45,3706.170169,131198.351968,4370.206660,664.036491,0.828706507,14.555461,0.003971,0.234174464
P0,46,3749.647299,134947.999267,4409.933683,660.286385,0.830725441,14.443288,0.016239,0.243991368
P0,47,3775.100241,138723.099508,4434.563432,659.463192,0.830621677,14.421836,0.038204,0.252662055
P0,48,3771.642294,142494.741801,4427.674780,656.032487,0.827280903,14.672215,0.034908,0.259338714
P0,49,3708.421317,146203.163118,4362.300447,653.879131,0.820235922,15.208801,0.034676,0.319983727
P0,50,3624.706664,149827.869782,4273.330656,648.623992,0.810816162,15.931075,0.030122,0.313541008
P0,51,3561.090362,153388.960144,4205.242925,644.152563,0.803375642,16.503776,0.022791,0.305493796
P0,52,3491.680305,156880.640449,4125.119296,633.438991,0.791932877,17.390863,0.010461,0.298245085
P0,53,3369.177720,160249.818168,3996.805847,627.628128,0.780275617,18.314562,0.008717,0.291723343
P0,54,3201.077345,163450.895513,3824.830935,623.753590,0.763243863,19.644999,0.001660,0.287356450
P0,55,3024.081030,166474.976543,3638.118244,614.037213,0.746232214,20.975143,0.000587,0.285035647
P0,56,2842.913033,169317.889576,3449.410828,606.497795,0.727278687,22.505691,0.000000,0.284225113
P0,57,2651.931909,171969.821485,3253.899074,601.967165,0.711216027,23.786957,0.000000,0.284342926
P0,58,2448.850260,174418.671745,3049.669162,600.818902,0.692506146,25.319356,0.000000,0.285372175
P0,59,2286.559589,176705.231334,2885.381851,598.822262,0.675844704,26.689818,0.000000,0.287337915
P0,60,2569.976961,179275.208295,3171.663124,601.686164,0.714393300,23.671740,0.001130,0.286997858
P1,1,797.015501,797.015501,1366.403143,569.387642,0.351473684,49.288000,0.000000,1.000000000
P1,2,827.679283,1624.694784,1400.174714,572.495431,0.385825188,46.677286,0.000000,1.000000000
P1,3,877.087231,2501.782015,1457.569857,580.482626,0.352738722,49.191857,0.000000,1.000000000
P1,4,969.985424,3471.767439,1545.144143,575.158719,0.398381579,45.723000,0.000000,1.000000000
P1,5,1089.034955,4560.802394,1660.155766,571.120811,0.447247191,42.009213,0.000000,0.999835789
P1,6,1270.081386,5830.883780,1838.052974,567.971588,0.508645931,37.342909,0.000000,0.999342758
P1,7,1524.073185,7354.956965,2089.833038,565.759853,0.583873838,31.630053,0.000000,0.997224116
P1,8,1862.059707,9217.016672,2427.420596,565.360889,0.664322546,25.638125,0.000000,0.989941654
P1,9,2180.953416,11397.970088,2756.846566,575.893150,0.726942870,21.127124,0.000000,0.976838864
P1,10,2487.819958,13885.790045,3081.128009,593.308051,0.767125970,18.401646,0.001912,0.957286187
P1,11,2746.216579,16632.006624,3369.261984,623.045405,0.795899223,16.579052,0.086377,0.934098518
P1,12,2930.691737,19562.698361,3577.449467,646.757730,0.813257509,15.506972,0.231635,0.910921454
P1,13,3060.164664,22622.863025,3717.474631,657.309967,0.822446623,14.945544,0.388799,0.736151287
P1,14,3200.355002,25823.218027,3870.799159,670.444157,0.831948589,14.347854,0.728368,0.716229962
P1,15,3258.701757,29081.919785,3945.465537,686.763780,0.839442139,13.844565,1.138818,0.692549822
P1,16,3386.067985,32467.987770,4088.200854,702.132868,0.847543798,13.282497,1.680666,0.664723163
P1,17,3364.037234,35832.025004,4066.612202,702.574968,0.846455014,13.374615,1.470969,0.637828023
P1,18,3370.276232,39202.301236,4066.351936,696.075705,0.844667446,13.508147,1.135904,0.613926166
P1,19,3178.035601,42380.336837,3847.808258,669.772657,0.835375658,14.110587,0.527277,0.589164206
P1,20,3211.398601,45591.735438,3879.825302,668.426701,0.833684359,14.206190,0.393924,0.567040355
P1,21,3300.919925,48892.655363,3978.503610,677.583685,0.835890646,14.030591,0.590777,0.545054709
P1,22,3221.339582,52113.994945,3887.530065,666.190483,0.831095704,14.342525,0.381126,0.523143702
P1,23,3108.178308,55222.173253,3764.521478,656.343170,0.823396802,14.852781,0.186930,0.501030131
P1,24,3123.202664,58345.375916,3789.502812,666.300148,0.829978610,14.438037,0.235984,0.481530333
P1,25,3083.135739,61428.511655,3753.530310,670.394571,0.830144547,14.443868,0.225158,0.262944946
P1,26,2903.360249,64331.871904,3568.831933,665.471684,0.822390884,14.952148,0.157769,0.247194068
P1,27,2922.398758,67254.270663,3587.035654,664.636896,0.822584628,14.944673,0.140565,0.243151393
P1,28,2956.469448,70210.740110,3623.829925,667.360477,0.822595291,14.945944,0.102571,0.241975867
P1,29,2990.766689,73201.506800,3651.526552,660.759863,0.820933268,15.068379,0.100440,0.242156383
P1,30,3007.558707,76209.065507,3665.053022,657.494315,0.820848871,15.069282,0.097952,0.243123039
P1,31,3085.884657,79294.950164,3748.664484,662.779827,0.826107541,14.703141,0.233417,0.244020432
P1,32,3088.012672,82382.962836,3753.387482,665.374810,0.829720276,14.428775,0.386621,0.242606514
P1,33,3229.697690,85612.660526,3906.722670,677.024980,0.841685222,13.603388,0.530184,0.240393879
P1,34,3267.917063,88880.577589,3953.182386,685.265323,0.846145455,13.305491,0.650442,0.235749702
P1,35,3471.761077,92352.338666,4173.673370,701.912293,0.855018554,12.681490,0.929069,0.230594924
P1,36,3671.355828,96023.694494,4379.083882,707.728054,0.859276672,12.406595,0.974096,0.225160396
P1,37,3821.568810,99845.263303,4523.004720,701.435910,0.855562453,12.681319,0.810296,0.171089307
P1,38,3945.539155,103790.802458,4632.538318,686.999163,0.850885749,13.016359,0.614300,0.169204734
P1,39,3924.418949,107715.221407,4589.730457,665.311508,0.838084224,13.914439,0.235855,0.166957206
P1,40,3795.016294,111510.237701,4438.940399,643.924105,0.817549372,15.329211,0.050831,0.165540227
P1,41,3736.199978,115246.437679,4381.718943,645.518965,0.811795833,15.734360,0.015421,0.168577983
P1,42,3717.609080,118964.046760,4362.297016,644.687935,0.814350296,15.571391,0.006708,0.174953218
P1,43,3728.161212,122692.207972,4385.449400,657.288188,0.816188307,15.448548,0.005162,0.183365776
P1,44,3736.619568,126428.827540,4393.513530,656.893962,0.815186859,15.531228,0.003082,0.193507489
P1,45,3706.450703,130135.278243,4366.911324,660.460621,0.814879565,15.552182,0.001548,0.204515088
P1,46,3790.704926,133925.983169,4444.339706,653.634780,0.820769124,15.116760,0.008482,0.214832386
P1,47,3834.441372,137760.424541,4489.252719,654.811347,0.823005928,14.951865,0.026802,0.223941412
P1,48,3848.924277,141609.348818,4501.357125,652.432848,0.823544685,14.941326,0.032413,0.230922038
P1,49,3816.887883,145426.236702,4472.209558,655.321675,0.822170674,15.069549,0.035761,0.297504894
P1,50,3762.685135,149188.921837,4415.757664,653.072529,0.818812922,15.318434,0.035639,0.292492911
P1,51,3753.844722,152942.766559,4402.017650,648.172929,0.818303259,15.378514,0.033060,0.285551391
P1,52,3710.038223,156652.804782,4354.003287,643.965064,0.813959333,15.725628,0.028667,0.278938853
P1,53,3599.529166,160252.333948,4234.729409,635.200243,0.806674360,16.299420,0.020724,0.272393216
P1,54,3420.697058,163673.031007,4049.896078,629.199019,0.791353843,17.485927,0.017638,0.267420545
P1,55,3219.857075,166892.888082,3838.688222,618.831147,0.772892604,18.909037,0.003195,0.263859828
P1,56,2998.716248,169891.604330,3607.478650,608.762402,0.750411440,20.719778,0.000000,0.261418674
P1,57,2781.623896,172673.228226,3384.221478,602.597581,0.731260900,22.239001,0.000000,0.260153294
P1,58,2542.894554,175216.122780,3145.224225,602.329671,0.705971381,24.314490,0.000000,0.260082025
P1,59,2366.004035,177582.126815,2966.707675,600.703640,0.688703808,25.739040,0.000000,0.261334672
P1,60,2624.353241,180206.480055,3227.740388,603.387147,0.724288017,22.932238,0.000720,0.260835022
P2,1,797.034066,797.034066,1366.403143,569.369077,0.351473684,49.288000,0.000000,1.000000000
P2,2,826.090352,1623.124418,1400.174714,574.084362,0.385825188,46.677286,0.000000,1.000000000
P2,3,877.671994,2500.796412,1457.569857,579.897863,0.352738722,49.191857,0.000000,1.000000000
P2,4,969.918405,3470.714818,1545.144143,575.225737,0.398381579,45.723000,0.000000,1.000000000
P2,5,1098.510831,4569.225649,1669.061338,570.550507,0.449506590,41.837499,0.000000,0.999835789
P2,6,1288.912539,5858.138188,1854.077545,565.165006,0.512677886,37.036481,0.000000,0.999346386
P2,7,1544.305621,7402.443809,2108.021538,563.715917,0.588007435,31.317831,0.000000,0.997250515
P2,8,1886.274801,9288.718609,2451.082534,564.807733,0.668780777,25.310160,0.000000,0.990749973
P2,9,2196.175500,11484.894110,2769.785671,573.610171,0.730839401,20.844986,0.000000,0.979914212
P2,10,2483.788019,13968.682128,3076.395577,592.607558,0.770075616,18.173941,0.001662,0.963730946
P2,11,2740.457697,16709.139825,3357.744528,617.286832,0.797765536,16.433433,0.053064,0.943542606
P2,12,2922.931717,19632.071543,3568.702446,645.770729,0.814333124,15.428225,0.191032,0.922522364
P2,13,3060.856768,22692.928310,3718.630064,657.773296,0.823181718,14.894432,0.352032,0.758644465
P2,14,3189.697508,25882.625819,3863.126745,673.429237,0.832477803,14.306179,0.720410,0.736439434
P2,15,3239.030012,29121.655831,3927.764526,688.734514,0.840358561,13.789676,1.090470,0.710156563
P2,16,3373.197862,32494.853693,4080.040734,706.842872,0.848697245,13.212231,1.636438,0.680666035
P2,17,3353.435605,35848.289297,4056.142876,702.707271,0.847507317,13.300113,1.452657,0.652594632
P2,18,3375.506455,39223.795753,4071.662042,696.155587,0.846318431,13.397233,1.113794,0.627639953
P2,19,3182.929530,42406.725282,3855.300420,672.370891,0.837709126,13.951944,0.522274,0.602111108
P2,20,3211.557703,45618.282985,3881.739495,670.181792,0.836654375,14.003164,0.392884,0.579237933
P2,21,3297.115023,48915.398008,3980.480111,683.365088,0.840056356,13.757786,0.589949,0.556413050
P2,22,3227.279609,52142.677618,3899.745229,672.465620,0.836776218,13.970993,0.433651,0.533762069
P2,23,3118.333593,55261.011211,3784.961847,666.628254,0.831199994,14.346595,0.228450,0.510784731
P2,24,3148.757048,58409.768259,3827.680106,678.923058,0.838850064,13.862233,0.312561,0.490217367
P2,25,3117.293754,61527.062012,3805.532706,688.238952,0.840105100,13.798747,0.299602,0.260020650
P2,26,2952.351969,64479.413982,3633.403409,681.051439,0.833102386,14.267078,0.209439,0.244025748
P2,27,2983.523947,67462.937929,3666.533355,683.009408,0.833874177,14.222256,0.214920,0.239666821
P2,28,3023.429215,70486.367143,3705.741335,682.312120,0.833634802,14.247929,0.160964,0.237946647
P2,29,3060.163068,73546.530211,3736.971300,676.808231,0.831919787,14.380469,0.136604,0.237844051
P2,30,3064.798717,76611.328929,3736.013935,671.215218,0.831763159,14.373540,0.121759,0.238863179
P2,31,3130.164072,79741.493001,3803.870115,673.706042,0.836087142,14.064699,0.248672,0.239907769
P2,32,3108.327417,82849.820418,3785.717726,677.390308,0.838011428,13.920821,0.312823,0.238912738
P2,33,3239.692697,86089.513115,3923.227727,683.535031,0.847321447,13.274103,0.397656,0.237233280
P2,34,3278.117087,89367.630202,3969.814451,691.697364,0.851318013,12.990005,0.528597,0.233122579
P2,35,3487.131311,92854.761514,4193.612007,706.480695,0.859976591,12.366644,0.826225,0.228292239
P2,36,3695.606818,96550.368332,4407.717015,712.110197,0.864347034,12.083004,0.869063,0.222961560
P2,37,3847.799230,100398.167562,4551.809371,704.010141,0.860319742,12.390230,0.716956,0.169189123
P2,38,3967.345681,104365.513243,4656.808360,689.462679,0.855154971,12.759308,0.541927,0.167320153
P2,39,3943.765716,108309.278958,4613.922152,670.156436,0.843009646,13.610273,0.200495,0.165112077
P2,40,3797.305937,112106.584896,4452.143223,654.837286,0.822933846,15.011371,0.043824,0.163663285
P2,41,3754.124908,115860.709804,4412.057046,657.932138,0.821453518,15.095504,0.007204,0.167489691
P2,42,3719.630819,119580.340623,4376.698971,657.068152,0.824851576,14.866461,0.002929,0.174905650
P2,43,3704.070076,123284.410699,4373.723225,669.653149,0.826983034,14.710023,0.003014,0.183908606
P2,44,3685.406147,126969.816846,4351.840607,666.434460,0.826983175,14.714773,0.002171,0.194025175
P2,45,3638.500461,130608.317307,4307.449931,668.949470,0.826829286,14.726133,0.001756,0.204890441
P2,46,3703.517970,134311.835277,4369.293291,665.775321,0.830671377,14.450305,0.004280,0.215285559
P2,47,3756.273056,138068.108332,4422.605372,666.332316,0.833027503,14.255058,0.016149,0.224944538
P2,48,3789.643025,141857.751357,4456.653200,667.010175,0.833585583,14.242684,0.019928,0.233102482
P2,49,3757.062465,145614.813823,4424.810579,667.748114,0.830205306,14.524871,0.025624,0.323044796
P2,50,3704.023713,149318.837536,4370.077361,666.053648,0.825082032,14.925867,0.022254,0.321958985
P2,51,3681.426097,153000.263632,4334.075535,652.649438,0.820620012,15.281153,0.020992,0.317053976
P2,52,3603.187219,156603.450851,4249.491825,646.304606,0.810962778,16.055240,0.014714,0.311151688
P2,53,3461.446587,160064.897438,4097.690553,636.243966,0.798971867,17.016262,0.007502,0.304436610
P2,54,3270.873107,163335.770544,3905.308240,634.435133,0.782514299,18.309146,0.004828,0.299214369
P2,55,3077.058625,166412.829169,3699.616052,622.557427,0.768610548,19.386971,0.000478,0.295422579
P2,56,2883.530823,169296.359992,3498.857422,615.326599,0.753037755,20.651581,0.000000,0.292909516
P2,57,2720.527155,172016.887148,3331.575844,611.048689,0.741880371,21.538195,0.000000,0.291254354
P2,58,2546.151613,174563.038761,3155.069398,608.917785,0.726266596,22.843925,0.000000,0.290650013
P2,59,2400.963556,176964.002317,3007.757523,606.793967,0.711820676,24.051273,0.000000,0.290938614
P2,60,2674.038082,179638.040399,3285.888688,611.850606,0.745373910,21.438258,0.002359,0.289104639
P3,1,797.519461,797.519461,1366.403143,568.883682,0.351473684,49.288000,0.000000,1.000000000
P3,2,825.338346,1622.857807,1396.788286,571.449940,0.385430451,46.707286,0.000000,1.000000000
P3,3,877.223309,2500.081116,1455.822429,578.599120,0.352486842,49.211000,0.000000,1.000000000
P3,4,972.009572,3472.090688,1549.072286,577.062713,0.399569549,45.632714,0.000000,1.000000000
P3,5,1096.232557,4568.323246,1667.835195,571.602637,0.448726515,41.896785,0.000000,0.999835789
P3,6,1274.459920,5842.783166,1841.735402,567.275483,0.508597059,37.346624,0.000000,0.999344835
P3,7,1501.815247,7344.598413,2065.870324,564.055077,0.577352058,32.123340,0.000000,0.997228612
P3,8,1837.706105,9182.304518,2402.979413,565.273308,0.657763331,26.126435,0.000000,0.990664478
P3,9,2163.651284,11345.955801,2740.331462,576.680179,0.726605214,21.157915,0.000000,0.979814867
P3,10,2475.339706,13821.295507,3069.825041,594.485335,0.771557039,18.083927,0.000704,0.963651318
P3,11,2748.760746,16570.056254,3373.285501,624.524755,0.802071181,16.158878,0.064656,0.943324449
P3,12,2942.201244,19512.257498,3591.798167,649.596923,0.818958060,15.139232,0.242278,0.922114048
P3,13,3067.379716,22579.637214,3729.674725,662.295008,0.827691709,14.623751,0.417885,0.759064270
P3,14,3194.538550,25774.175764,3874.525891,679.987341,0.836954135,14.034144,0.828654,0.737240477
P3,15,3252.009417,29026.185182,3948.678682,696.669265,0.844359788,13.535876,1.237230,0.713197174
P3,16,3365.690044,32391.875225,4079.451996,713.761952,0.851594221,13.033346,1.685585,0.685116530
P3,17,3340.110622,35731.985847,4045.912408,705.801786,0.849532833,13.192460,1.328211,0.658322692
P3,18,3374.763237,39106.749084,4073.068158,698.304921,0.848393293,13.286067,0.953037,0.634416239
P3,19,3183.574890,42290.323974,3856.516794,672.941904,0.840413899,13.790368,0.387462,0.609687355
P3,20,3196.046015,45486.369989,3864.162005,668.115991,0.838974849,13.876952,0.231908,0.587258733
P3,21,3308.226734,48794.596723,3989.481734,681.255000,0.842699128,13.623420,0.378150,0.565130387
P3,22,3239.960375,52034.557098,3911.260806,671.300431,0.838084525,13.927292,0.291264,0.543224758
P3,23,3163.976317,55198.533414,3830.084092,666.107775,0.833170027,14.273192,0.136660,0.521223983
P3,24,3193.289669,58391.823084,3869.762140,676.472470,0.839522098,13.881393,0.212702,0.501492973
P3,25,3164.134066,61555.957150,3849.584038,685.449972,0.840472783,13.841504,0.192651,0.283683038
P3,26,3010.792422,64566.749571,3691.156119,680.363697,0.834458647,14.249068,0.130568,0.270478105
P3,27,3041.495353,67608.244924,3724.056864,682.561511,0.835085093,14.218483,0.126347,0.267340719
P3,28,3080.997924,70689.242848,3763.856334,682.858410,0.834860715,14.239047,0.081083,0.266467260
P3,29,3127.439344,73816.682193,3808.047537,680.608193,0.834577382,14.267300,0.074362,0.267300196
P3,30,3135.051763,76951.733955,3808.760326,673.708563,0.834470998,14.255699,0.059480,0.269275582
P3,31,3192.213771,80143.947727,3867.731971,675.518199,0.837236936,14.052808,0.135137,0.271296848
P3,32,3171.714346,83315.662073,3847.403585,675.689239,0.838728523,13.922730,0.208185,0.271640433
P3,33,3300.711752,86616.373825,3981.615596,680.903844,0.847858464,13.279182,0.288248,0.270979078
P3,34,3340.958733,89957.332559,4029.227706,688.268973,0.852143098,12.982556,0.375357,0.267774496
P3,35,3524.478703,93481.811262,4226.368871,701.890168,0.859785415,12.430227,0.560410,0.263564098
P3,36,3703.385630,97185.196892,4408.753815,705.368184,0.862732697,12.250864,0.551202,0.258609582
P3,37,3838.593934,101023.790826,4535.798300,697.204366,0.858476977,12.573034,0.422606,0.206175012
P3,38,3951.368928,104975.159754,4633.513627,682.144699,0.853522037,12.911715,0.309013,0.204234990
P3,39,3933.225721,108908.385475,4605.493096,672.267375,0.843514925,13.608519,0.123132,0.203120837
P3,40,3781.144603,112689.530078,4446.638225,665.493623,0.828032945,14.687421,0.022668,0.202648465
P3,41,3741.880999,116431.411076,4409.802716,667.921718,0.829495702,14.568708,0.004056,0.207456800
P3,42,3721.647974,120153.059051,4386.677608,665.029633,0.834011288,14.259605,0.004072,0.215443417
P3,43,3721.864784,123874.923835,4398.389191,676.524407,0.837102727,14.041110,0.006279,0.224869470
P3,44,3701.933269,127576.857104,4384.550962,682.617693,0.837859632,14.002728,0.004334,0.235046621
P3,45,3657.397524,131234.254627,4341.566526,684.169002,0.837918354,14.011103,0.004112,0.245862945
P3,46,3688.722137,134922.976765,4365.788434,677.066296,0.839632082,13.879611,0.010967,0.256060836
P3,47,3711.338558,138634.315323,4383.533482,672.194924,0.838234011,13.959916,0.021269,0.265632656
P3,48,3720.814602,142355.129925,4390.186242,669.371640,0.834758653,14.231560,0.013408,0.273777357
P3,49,3698.881619,146054.011544,4367.122183,668.240565,0.827770755,14.791267,0.015181,0.359554287
P3,50,3671.674043,149725.685586,4334.253132,662.579089,0.819928199,15.398085,0.011128,0.354161008
P3,51,3671.216861,153396.902447,4329.251333,658.034473,0.812822157,15.963514,0.025366,0.345852940
P3,52,3624.728646,157021.631093,4275.828093,651.099447,0.801625633,16.843492,0.015808,0.337472974
P3,53,3481.704829,160503.335922,4123.214389,641.509561,0.785670232,18.128359,0.012397,0.328523672
P3,54,3271.112114,163774.448036,3906.336821,635.224707,0.766763927,19.602205,0.007286,0.321053966
P3,55,3079.301638,166853.749674,3703.928016,624.626378,0.751943265,20.766701,0.000515,0.315656223
P3,56,2896.405098,169750.154772,3511.687892,615.282794,0.737523120,21.942459,0.000000,0.312296913
P3,57,2733.505179,172483.659951,3344.214601,610.709421,0.726509591,22.826774,0.000000,0.310594302
P3,58,2544.988623,175028.648574,3152.596937,607.608315,0.707770910,24.390129,0.000000,0.309880666
P3,59,2385.914327,177414.562901,2990.455436,604.541108,0.690915413,25.776611,0.000000,0.310143729
P3,60,2664.734397,180079.297298,3275.192706,610.458309,0.726323537,22.989380,0.003142,0.308191498
P4,1,790.926031,790.926031,1357.610000,566.683969,0.348421053,49.520000,0.000000,1.000000000
P4,2,785.014325,1575.940356,1357.610000,572.595675,0.373289474,47.630000,0.000000,1.000000000
P4,3,786.711172,2362.651528,1367.591286,580.880113,0.325710526,51.246000,0.000000,1.000000000
P4,4,829.826056,3192.477584,1411.094000,581.267944,0.360360902,48.612571,0.000000,1.000000000
P4,5,938.463725,4130.941308,1515.977052,577.513328,0.408211477,44.975928,0.000000,0.999821955
P4,6,1068.473786,5199.415094,1643.648545,575.174760,0.458320743,41.167624,0.000000,0.999274240
P4,7,1254.184524,6453.599618,1821.985838,567.801314,0.516982773,36.709309,0.000000,0.996934784
P4,8,1484.530724,7938.130342,2044.924964,560.394240,0.577580649,32.111392,0.000000,0.991375229
P4,9,1712.307432,9650.437774,2267.918223,555.610791,0.631539020,28.073496,0.000000,0.982585919
P4,10,1986.453021,11636.890794,2545.325963,558.872942,0.681672290,24.394786,0.041040,0.969464010
P4,11,2223.491408,13860.382202,2792.794848,569.303440,0.723111928,21.429604,0.174752,0.953350674
P4,12,2390.546516,16250.928719,2971.059819,580.513303,0.750062274,19.530951,0.315158,0.936313383
P4,13,2496.689301,18747.618020,3080.248322,583.559021,0.762378693,18.684281,0.468306,0.796816709
P4,14,2612.877472,21360.495491,3202.154311,589.276840,0.773961670,17.906010,0.703819,0.779760232
P4,15,2752.047089,24112.542580,3350.650530,598.603441,0.787022897,17.019410,1.056063,0.762946390
P4,16,2923.186629,27035.729210,3538.292199,615.105570,0.801085271,16.083866,1.514326,0.740869740
P4,17,2962.443659,29998.172868,3582.038269,619.594610,0.804324874,15.879474,1.446557,0.719606253
P4,18,2987.420856,32985.593725,3609.499652,622.078796,0.807061281,15.693095,1.393510,0.699877547
P4,19,2808.195274,35793.788999,3425.495688,617.300414,0.801431914,16.056931,1.012657,0.679480037
P4,20,2885.208215,38678.997213,3504.318975,619.110760,0.804189543,15.891255,1.101798,0.661941056
P4,21,3028.575214,41707.572427,3653.126771,624.551557,0.809414861,15.558011,1.262409,0.645600420
P4,22,3022.587366,44730.159793,3643.488100,620.900734,0.805588135,15.789723,1.003187,0.630428406
P4,23,2991.765430,47721.925222,3603.576884,611.811455,0.798818795,16.209874,0.639491,0.615749034
P4,24,3015.065738,50736.990960,3629.213613,614.147875,0.799971106,16.136823,0.750176,0.603653591
P4,25,2957.675353,53694.666313,3572.301360,614.626007,0.795694726,16.426210,0.671541,0.486505715
P4,26,2755.828760,56450.495073,3360.377220,604.548459,0.781072947,17.391762,0.391363,0.474789704
P4,27,2718.346489,59168.841562,3318.521255,600.174767,0.772117701,18.015843,0.362583,0.469801668
P4,28,2680.857491,61849.699053,3277.062715,596.205224,0.761117261,18.788189,0.316489,0.465737478
P4,29,2672.376297,64522.075350,3267.760903,595.384606,0.754399534,19.266584,0.319071,0.462414894
P4,30,2669.138782,67191.214131,3262.938999,593.800218,0.746842756,19.814180,0.334005,0.459450248
P4,31,2684.943920,69876.158052,3275.950087,591.006167,0.745193417,19.937310,0.427241,0.455444937
P4,32,2607.578416,72483.736467,3196.095252,588.516836,0.734807197,20.687544,0.377577,0.448496451
P4,33,2710.459014,75194.195481,3306.183070,595.724056,0.748137814,19.756922,0.500032,0.440770961
P4,34,2750.523191,77944.718672,3352.754607,602.231416,0.757011227,19.152937,0.591292,0.430959543
P4,35,2988.272922,80932.991594,3603.553524,615.280602,0.779024144,17.615409,1.129959,0.420849859
P4,36,3256.398549,84189.390143,3880.765708,624.367159,0.797565006,16.318570,1.485839,0.410980766
P4,37,3488.355233,87677.745375,4114.696215,626.340982,0.807089977,15.658611,1.588115,0.318436946
P4,38,3665.506932,91343.252307,4293.093710,627.586778,0.813185454,15.231801,1.618406,0.314877260
P4,39,3726.469551,95069.721858,4349.800089,623.330538,0.811647344,15.329534,1.184131,0.312695807
P4,40,3638.138492,98707.860350,4247.628111,609.489619,0.798602913,16.170650,0.532639,0.310358973
P4,41,3571.895085,102279.755435,4182.901678,611.006593,0.795089497,16.413470,0.443157,0.311593300
P4,42,3526.138122,105805.893557,4133.921011,607.782889,0.795845720,16.372378,0.449024,0.315994807
P4,43,3446.241159,109252.134716,4054.815228,608.574069,0.787609593,16.954357,0.420757,0.320798976
P4,44,3310.730464,112562.865180,3911.172302,600.441838,0.772501485,18.008936,0.342803,0.325504508
P4,45,3073.284152,115636.149332,3660.754006,587.469854,0.744519661,20.005728,0.174801,0.329993398
P4,46,2892.170913,118528.320245,3467.676188,575.505276,0.712651628,22.343953,0.120463,0.333278160
P4,47,2671.000469,121199.320714,3240.067585,569.067116,0.672168271,25.333060,0.072052,0.335637135
P4,48,2478.879571,123678.200285,3044.706869,565.827297,0.630755832,28.439759,0.029080,0.336266325
P4,49,2280.294166,125958.494451,2845.027689,564.733523,0.590137441,31.520296,0.020452,0.315347967
P4,50,2121.006558,128079.501010,2688.425407,567.418848,0.557429654,33.997393,0.016715,0.296251882
P4,51,2025.959073,130105.460082,2597.100901,571.141828,0.536531029,35.593498,0.014190,0.276149182
P4,52,1939.232776,132044.692858,2509.608709,570.375933,0.516867069,37.099319,0.006066,0.258601484
P4,53,1857.603293,133902.296151,2427.392807,569.789514,0.503237491,38.143715,0.003225,0.244348505
P4,54,1753.709286,135656.005437,2322.784805,569.075519,0.485819821,39.476954,0.001412,0.233650551
P4,55,1646.312502,137302.317939,2215.530409,569.217908,0.468978159,40.764681,0.000024,0.226741451
P4,56,1571.269146,138873.587085,2136.774077,565.504931,0.451695787,42.093944,0.000341,0.222365565
P4,57,1481.711500,140355.298585,2047.229763,565.518263,0.435770615,43.311449,0.000007,0.220200610
P4,58,1362.272157,141717.570743,1927.760596,565.488438,0.418961060,44.604468,0.000000,0.219413917
P4,59,1262.035535,142979.606278,1828.714099,566.678565,0.409665491,45.322331,0.000050,0.219850812
P4,60,1526.185124,144505.791402,2088.543652,562.358528,0.454822108,41.862053,0.001319,0.218300250
P5,1,796.846387,796.846387,1366.403143,569.556756,0.351473684,49.288000,0.000000,1.000000000
P5,2,826.070668,1622.917055,1400.174714,574.104046,0.385825188,46.677286,0.000000,1.000000000
P5,3,877.413187,2500.330243,1457.569857,580.156670,0.352738722,49.191857,0.000000,1.000000000
P5,4,967.177419,3467.507662,1545.144143,577.966724,0.398381579,45.723000,0.000000,1.000000000
P5,5,1103.539013,4571.046675,1674.404481,570.865468,0.450480274,41.763499,0.000000,0.999835789
P5,6,1302.233462,5873.280137,1868.438402,566.204940,0.516414728,36.752481,0.000000,0.999346911
P5,7,1563.214205,7436.494341,2128.087367,564.873162,0.595120496,30.784595,0.000000,0.997257179
P5,8,1884.282793,9320.777134,2451.889629,567.606836,0.671978606,25.066578,0.000000,0.990331246
P5,9,2154.976424,11475.753558,2730.127045,575.150621,0.725343449,21.222474,0.000000,0.978495658
P5,10,2420.970206,13896.723764,3013.904056,592.933850,0.761727238,18.753378,0.001139,0.960966382
P5,11,2668.071640,16564.795404,3285.565212,617.493572,0.790402332,16.923987,0.050687,0.939376951
P5,12,2851.002041,19415.797445,3492.995119,641.993078,0.808312701,15.811405,0.166058,0.917134961
P5,13,2987.360039,22403.157484,3638.304588,650.944548,0.817658596,15.237273,0.296363,0.743312305
P5,14,3118.446742,25521.604226,3782.997213,664.550471,0.827346495,14.629127,0.628031,0.720763876
P5,15,3173.787096,28695.391322,3855.189510,681.402413,0.835694625,14.080276,1.029917,0.694504774
P5,16,3310.812471,32006.203793,4013.939298,703.126828,0.845111216,13.433403,1.602075,0.664855008
P5,17,3319.600287,35325.804080,4025.433962,705.833675,0.845557564,13.413269,1.525470,0.636517319
P5,18,3360.873378,38686.677458,4061.031267,700.157889,0.845428952,13.443290,1.225925,0.611592545
P5,19,3192.875520,41879.552978,3870.159650,677.284131,0.837628065,13.957106,0.627517,0.585684212
P5,20,3247.813403,45127.366380,3927.324824,679.511421,0.837589783,13.945358,0.535441,0.562591742
P5,21,3352.189310,48479.555690,4043.523359,691.334050,0.841459081,13.665414,0.733123,0.539568757
P5,22,3271.215752,51750.771441,3952.789422,681.573670,0.836884679,13.978704,0.504062,0.516581231
P5,23,3157.722424,54908.493866,3827.048271,669.325847,0.829167385,14.526268,0.247601,0.493182805
P5,24,3179.025049,58087.518914,3861.293078,682.268030,0.836147431,14.090031,0.326348,0.472312997
P5,25,3133.298771,61220.817685,3819.332099,686.033328,0.836240134,14.114174,0.271914,0.241393092
P5,26,2945.522873,64166.340558,3627.116656,681.593783,0.827467154,14.731327,0.199023,0.225222224
P5,27,2961.958263,67128.298821,3647.197391,685.239128,0.827221408,14.757864,0.199836,0.220806733
P5,28,2997.060727,70125.359548,3683.815280,686.754552,0.826748428,14.805237,0.144527,0.218935047
P5,29,3040.927592,73166.287141,3720.423781,679.496188,0.825120599,14.941976,0.150125,0.218490734
P5,30,3043.563027,76209.850167,3714.824845,671.261818,0.823953711,15.005253,0.145056,0.218954976
P5,31,3118.334011,79328.184178,3793.996460,675.662449,0.828286293,14.684246,0.283246,0.219351025
P5,32,3125.014826,82453.199004,3803.951638,678.936812,0.832565080,14.362025,0.430138,0.217527079
P5,33,3289.127069,85742.326073,3980.821821,691.694752,0.846377203,13.358135,0.628161,0.214998193
P5,34,3346.919346,89089.245419,4049.872573,702.953226,0.851926795,12.966828,0.795547,0.210068529
P5,35,3548.124342,92637.369762,4267.140469,719.016126,0.860837343,12.313485,1.083786,0.204824382
P5,36,3741.518603,96378.888364,4464.752146,723.233543,0.864836718,12.068781,1.042472,0.199467297
P5,37,3876.172110,100255.060474,4588.677813,712.505703,0.859765446,12.474444,0.821561,0.147589195
P5,38,3984.518003,104239.578477,4681.354154,696.836152,0.853183875,12.983011,0.606402,0.146765354
P5,39,3952.340201,108191.918678,4631.383849,679.043648,0.838356559,14.097321,0.230976,0.144797098
P5,40,3779.730350,111971.649029,4438.876134,659.145783,0.812076891,16.060454,0.045017,0.141746717
P5,41,3695.327418,115666.976447,4359.741914,664.414496,0.803660333,16.712272,0.007510,0.143493833
P5,42,3650.237939,119317.214386,4310.177614,659.939675,0.804824222,16.654510,0.004756,0.149220429
P5,43,3637.983009,122955.197395,4308.968883,670.985874,0.805906537,16.585392,0.001710,0.157334336
P5,44,3631.223757,126586.421152,4299.511400,668.287643,0.804710259,16.695854,0.000551,0.167110378
P5,45,3603.123510,130189.544662,4269.623297,666.499787,0.804211090,16.730257,0.001548,0.177911209
P5,46,3684.372880,133873.917542,4347.351396,662.978516,0.811257246,16.167657,0.006552,0.188175754
P5,47,3730.731110,137604.648652,4393.905262,663.174152,0.813771774,15.973620,0.018014,0.197517343
P5,48,3772.501256,141377.149908,4437.792730,665.291474,0.816602595,15.781779,0.029638,0.205065169
P5,49,3755.066225,145132.216132,4420.516991,665.450766,0.815359216,15.914137,0.031401,0.281773637
P5,50,3723.476391,148855.692523,4390.042316,666.565926,0.811820705,16.186406,0.028658,0.278875843
P5,51,3715.241278,152570.933801,4373.951100,658.709822,0.810452714,16.300755,0.024986,0.272908990
P5,52,3680.384579,156251.318380,4336.124366,655.739787,0.805980124,16.687515,0.015671,0.266837273
P5,53,3580.784999,159832.103378,4230.288114,649.503115,0.799661027,17.223890,0.013795,0.260685471
P5,54,3419.512790,163251.616168,4060.956444,641.443655,0.784966121,18.418903,0.011755,0.256165594
P5,55,3237.572686,166489.188854,3869.049750,631.477063,0.768232513,19.763453,0.000682,0.253203361
P5,56,3038.086836,169527.275690,3662.121143,624.034307,0.749537744,21.326052,0.000000,0.251519302
P5,57,2828.789257,172356.064947,3448.780262,619.991005,0.733849276,22.622582,0.000000,0.251173362
P5,58,2595.344646,174951.409593,3215.418812,620.074166,0.711488892,24.532928,0.000000,0.252053362
P5,59,2400.468875,177351.878468,3019.208814,618.739939,0.692864426,26.109774,0.000000,0.254188829
P5,60,2662.307123,180014.185591,3282.035075,619.727952,0.727823271,23.288849,0.001204,0.254414902
P6,1,796.737280,796.737280,1366.403143,569.665863,0.351473684,49.288000,0.000000,1.000000000
P6,2,822.788145,1619.525425,1396.788286,574.000141,0.385430451,46.707286,0.000000,1.000000000
P6,3,875.205821,2494.731246,1455.822429,580.616608,0.352486842,49.211000,0.000000,1.000000000
P6,4,964.927665,3459.658911,1541.576143,576.648478,0.397994361,45.752429,0.000000,1.000000000
P6,5,1071.685807,4531.344718,1643.014766,571.328959,0.444111853,42.247499,0.000000,0.999835181
P6,6,1236.782542,5768.127261,1804.782831,568.000289,0.503591420,37.727052,0.000000,0.999330307
P6,7,1446.692083,7214.819343,2013.423752,566.731670,0.571653315,32.559837,0.000000,0.997180271
P6,8,1769.413114,8984.232457,2339.945610,570.532496,0.650593096,26.661237,0.000000,0.990374041
P6,9,2094.676687,11078.909144,2671.912109,577.235422,0.719493885,21.659865,0.000000,0.978863776
P6,10,2408.258111,13487.167255,2999.981503,591.723391,0.765577421,18.481501,0.000782,0.961757130
P6,11,2670.184353,16157.351608,3292.245257,622.060904,0.797866557,16.415221,0.049351,0.940598507
P6,12,2842.417788,18999.769396,3485.760979,643.343191,0.814755744,15.382221,0.162018,0.918746448
P6,13,2957.199598,21956.968994,3610.652297,653.452699,0.822212528,14.944747,0.281396,0.750400775
P6,14,3103.068618,25060.037612,3771.538701,668.470083,0.831776555,14.348649,0.638669,0.728263541
P6,15,3200.501231,28260.538843,3889.372717,688.871486,0.840607183,13.757429,1.119450,0.703388647
P6,16,3349.541290,31610.080133,4057.399647,707.858358,0.849397288,13.148899,1.717835,0.673891287
P6,17,3358.275175,34968.355307,4070.105845,711.830671,0.849846484,13.120474,1.656248,0.645259746
P6,18,3380.908635,38349.263942,4085.064687,704.156052,0.849113057,13.194481,1.276809,0.619449748
P6,19,3201.489640,41550.753582,3880.271394,678.781754,0.841960726,13.657564,0.621676,0.592980577
P6,20,3258.794750,44809.548333,3939.794593,680.999842,0.842304787,13.616811,0.472644,0.569715258
P6,21,3378.278861,48187.827194,4067.276369,688.997508,0.846883541,13.318353,0.525294,0.546973547
P6,22,3294.873015,51482.700208,3973.557735,678.684720,0.841648912,13.672957,0.291555,0.524911209
P6,23,3191.796073,54674.496281,3862.191257,670.395184,0.834956604,14.123107,0.158814,0.502856027
P6,24,3207.884554,57882.380835,3886.645752,678.761197,0.840075019,13.826441,0.210183,0.483546746
P6,25,3169.589810,61051.970645,3854.172249,684.582440,0.840855647,13.802907,0.208603,0.274476161
P6,26,2983.416620,64035.387266,3666.858044,683.441424,0.833823309,14.271183,0.147883,0.261919437
P6,27,3016.148059,67051.535324,3702.724317,686.576258,0.834853405,14.214089,0.147009,0.260012790
P6,28,3065.124793,70116.660118,3752.970741,687.845947,0.835164928,14.199441,0.115613,0.260247444
P6,29,3119.221697,73235.881815,3801.018395,681.796698,0.835373702,14.191739,0.095572,0.261529755
P6,30,3133.426296,76369.308111,3810.542332,677.116036,0.836622586,14.084895,0.107674,0.263670551
P6,31,3204.841015,79574.149127,3886.112847,681.271831,0.841620775,13.722954,0.264169,0.265243962
P6,32,3191.511850,82765.660976,3872.851543,681.339693,0.844573766,13.484492,0.388738,0.264513417
P6,33,3324.441173,86090.102150,4017.697923,693.256749,0.854725940,12.769557,0.530936,0.262742483
P6,34,3360.069469,89450.171619,4064.608300,704.538831,0.859642183,12.426330,0.722945,0.258417429
P6,35,3546.291380,92996.462998,4267.781682,721.490302,0.867452029,11.852052,1.011611,0.253372505
P6,36,3728.293221,96724.756219,4455.055568,726.762347,0.871089666,11.612280,0.974945,0.247791426
P6,37,3857.368917,100582.125136,4572.979442,715.610525,0.867298134,11.911048,0.776483,0.189857298
P6,38,3969.921196,104552.046332,4671.827747,701.906551,0.862277914,12.278813,0.519878,0.187342900
P6,39,3943.314813,108495.361145,4625.825755,682.510942,0.851359115,13.066766,0.183238,0.183371302
P6,40,3747.245786,112242.606930,4413.721647,666.475861,0.832141884,14.459707,0.026650,0.178737689
P6,41,3690.352485,115932.959416,4366.163361,675.810876,0.831649893,14.511176,0.004034,0.180104879
P6,42,3687.857575,119620.816991,4363.745826,675.888251,0.837042213,14.122423,0.003136,0.186465173
P6,43,3681.976930,123302.793921,4363.312333,681.335403,0.838942688,13.990035,0.003712,0.195318955
P6,44,3659.112054,126961.905975,4344.030898,684.918844,0.839430476,13.958793,0.001932,0.205776560
P6,45,3604.945370,130566.851345,4292.001191,687.055821,0.839277081,13.983031,0.001242,0.217018632
P6,46,3632.083948,134198.935294,4311.595224,679.511275,0.840770397,13.893181,0.009226,0.227688105
P6,47,3630.788308,137829.723601,4308.978102,678.189794,0.839943847,13.935783,0.029182,0.237600607
P6,48,3620.183769,141449.907370,4294.429570,674.245800,0.836354263,14.224829,0.025163,0.246260975
P6,49,3556.049311,145005.956681,4228.506234,672.456923,0.829630367,14.771154,0.020206,0.345072399
P6,50,3505.133583,148511.090264,4172.424824,667.291242,0.823185528,15.282930,0.005516,0.342152349
P6,51,3516.883277,152027.973541,4180.495437,663.612160,0.819531671,15.604520,0.003952,0.337325418
P6,52,3478.107802,155506.081343,4134.740525,656.632723,0.811159341,16.310942,0.004794,0.331818445
P6,53,3387.575675,158893.657018,4037.579700,650.004025,0.801062180,17.177360,0.004443,0.326733474
P6,54,3236.142397,162129.799415,3878.815522,642.673125,0.786144487,18.384901,0.002180,0.323254877
P6,55,3074.280647,165204.080062,3706.247816,631.967169,0.771367234,19.557357,0.000000,0.320865358
P6,56,2890.718725,168094.798786,3515.806503,625.087778,0.752309361,21.133043,0.000000,0.319332860
P6,57,2698.939959,170793.738745,3318.520233,619.580274,0.733177181,22.681100,0.000000,0.318397668
P6,58,2502.045152,173295.783897,3117.758892,615.713740,0.706938011,24.883090,0.000000,0.318047183
P6,59,2323.887898,175619.671795,2937.170012,613.282114,0.683590852,26.819341,0.000000,0.318367565
P6,60,2584.062362,178203.734157,3202.673641,618.611280,0.713487147,24.440318,0.003181,0.316020198
P7,1,791.680014,791.680014,1357.610000,565.929986,0.348421053,49.520000,0.000000,1.000000000
P7,2,791.529356,1583.209370,1357.610000,566.080644,0.373289474,47.630000,0.000000,1.000000000
P7,3,794.794920,2378.004290,1367.591286,572.796366,0.325710526,51.246000,0.000000,1.000000000
P7,4,849.048228,3227.052517,1423.141143,574.092915,0.362400376,48.457571,0.000000,1.000000000
P7,5,943.883825,4170.936343,1516.789838,572.906012,0.407060631,45.063392,0.000000,0.999820755
P7,6,1068.472668,5239.409010,1643.566895,575.094228,0.457291608,41.245838,0.000000,0.999275033
P7,7,1244.504395,6483.913405,1813.677495,569.173100,0.514501476,36.897888,0.000000,0.996929766
P7,8,1449.069323,7932.982728,2012.022509,562.953186,0.571752580,32.547546,0.000000,0.992474648
P7,9,1675.750362,9608.733090,2233.366327,557.615965,0.630265190,28.136230,0.000000,0.987171282
P7,10,1929.320539,11538.053629,2485.264221,555.943682,0.682146765,24.302339,0.000000,0.979661315
P7,11,2171.634286,13709.687915,2734.732356,563.098070,0.730697429,20.824905,0.000000,0.970095504
P7,12,2334.359088,16044.047003,2910.888414,576.529326,0.762161597,18.632343,0.000000,0.959095555
P7,13,2425.188905,18469.235909,3028.080118,602.891212,0.779191502,17.476822,0.000066,0.870040698
P7,14,2544.753694,21013.989603,3146.842915,602.089221,0.789988574,16.837206,0.002531,0.853532909
P7,15,2671.356945,23685.346548,3278.750960,607.394015,0.800703899,16.197768,0.023899,0.835739736
P7,16,2827.915210,26513.261758,3451.259441,623.344231,0.812854225,15.490716,0.098177,0.811774016
P7,17,2879.349703,29392.611461,3507.140308,627.790605,0.814080475,15.420902,0.128592,0.787744391
P7,18,2926.423866,32319.035328,3553.499891,627.076025,0.811858838,15.545591,0.162579,0.763441237
P7,19,2787.587753,35106.623080,3401.545966,613.958213,0.802640735,16.080247,0.099802,0.736804849
P7,20,2833.854412,37940.477492,3450.247039,616.392627,0.802535933,16.081998,0.143471,0.711075274
P7,21,3026.877224,40967.354716,3663.382597,636.505373,0.813094845,15.426139,0.360611,0.683821724
P7,22,2970.929444,43938.284160,3606.224473,635.295029,0.812000490,15.484154,0.330293,0.656431561
P7,23,2893.887081,46832.171241,3528.013676,634.126595,0.809061005,15.657229,0.227161,0.629030848
P7,24,2950.813878,49782.985119,3600.112667,649.298789,0.820906801,14.929979,0.325714,0.603290038
P7,25,2963.460160,52746.445279,3629.658570,666.198410,0.824915105,14.688080,0.336066,0.322718009
P7,26,2829.018097,55575.463375,3488.024724,659.006628,0.819746198,15.001026,0.240250,0.300056399
P7,27,2885.774392,58461.237767,3549.797908,664.023516,0.821796176,14.873276,0.249232,0.290755829
P7,28,2941.220934,61402.458701,3608.028010,666.807077,0.822372180,14.847852,0.211815,0.284517602
P7,29,2997.870368,64400.329069,3661.983663,664.113295,0.822763791,14.833317,0.185337,0.280268791
P7,30,3011.208887,67411.537956,3668.939150,657.730263,0.823179743,14.805958,0.179638,0.277710086
P7,31,3074.830236,70486.368191,3740.377105,665.546870,0.827520091,14.508071,0.415343,0.275610956
P7,32,3069.042280,73555.410471,3739.746413,670.704133,0.831201844,14.236324,0.625527,0.271726755
P7,33,3212.095622,76767.506093,3894.805789,682.710167,0.841832068,13.539243,0.849928,0.267273185
P7,34,3255.095939,80022.602032,3949.370288,694.274349,0.847146652,13.183211,0.977396,0.260513090
P7,35,3459.105616,83481.707648,4170.692223,711.586607,0.856188589,12.561415,1.309741,0.253246561
P7,36,3656.577779,87138.285427,4374.541785,717.964006,0.860495406,12.287267,1.306536,0.245622999
P7,37,3808.400466,90946.685893,4515.103185,706.702719,0.857349856,12.527102,0.974621,0.167853781
P7,38,3930.953539,94877.639432,4620.054349,689.100810,0.852265320,12.897160,0.727366,0.165333089
P7,39,3916.024001,98793.663433,4589.459503,673.435502,0.840749735,13.720955,0.295173,0.163044918
P7,40,3781.372965,102575.036398,4440.399889,659.026924,0.820232486,15.213660,0.052405,0.161773737
P7,41,3750.920477,106325.956874,4419.130002,668.209525,0.818949786,15.334685,0.009085,0.166204794
P7,42,3735.807849,110061.764724,4401.463023,665.655173,0.823359232,15.056599,0.004373,0.174028963
P7,43,3700.112391,113761.877115,4370.176131,670.063740,0.824262318,15.022923,0.006818,0.182740316
P7,44,3659.303457,117421.180571,4330.674692,671.371235,0.822673220,15.160229,0.006142,0.192059183
P7,45,3597.388766,121018.569338,4267.412989,670.024223,0.822173664,15.207614,0.006414,0.201790179
P7,46,3658.755466,124677.324803,4326.246310,667.490844,0.826787789,14.881011,0.031286,0.210887499
P7,47,3692.563359,128369.888162,4362.904936,670.341577,0.827885412,14.783680,0.055276,0.218941862
P7,48,3732.399292,132102.287454,4400.698612,668.299320,0.828023132,14.795859,0.074677,0.225248806
P7,49,3718.550998,135820.838452,4386.147329,667.596331,0.823287849,15.187409,0.082577,0.288958196
P7,50,3653.943155,139474.781607,4313.869532,659.926377,0.813892759,15.915519,0.071702,0.282425045
P7,51,3624.508305,143099.289913,4280.068688,655.560383,0.807264340,16.444153,0.055408,0.274548587
P7,52,3544.709783,146643.999695,4191.245240,646.535457,0.796553498,17.279640,0.027735,0.265881571
P7,53,3414.401734,150058.401429,4054.470501,640.068767,0.784107609,18.282493,0.014117,0.257262671
P7,54,3220.930662,153279.332091,3852.414249,631.483587,0.763693943,19.909401,0.009085,0.250172757
P7,55,3043.284606,156322.616698,3666.141658,622.857051,0.746188265,21.287399,0.001510,0.245483709
P7,56,2873.253346,159195.870044,3488.865717,615.612371,0.727889888,22.772731,0.000371,0.242921988
P7,57,2698.899815,161894.769859,3308.878554,609.978739,0.713961880,23.885203,0.000000,0.242157609
P7,58,2492.411836,164387.181695,3100.014271,607.602434,0.693417382,25.615430,0.000000,0.242765782
P7,59,2307.859497,166695.041192,2914.364382,606.504886,0.676486463,27.012815,0.000000,0.244686550
P7,60,2587.293393,169282.334585,3198.445509,611.152117,0.716971124,23.811627,0.001030,0.244923564
P8,1,796.214698,796.214698,1366.403143,570.188445,0.351473684,49.288000,0.000000,1.000000000
P8,2,825.108089,1621.322787,1400.174714,575.066625,0.385825188,46.677286,0.000000,1.000000000
P8,3,876.962649,2498.285436,1457.569857,580.607208,0.352738722,49.191857,0.000000,1.000000000
P8,4,970.090369,3468.375805,1545.144143,575.053774,0.398381579,45.723000,0.000000,1.000000000
P8,5,1098.202897,4566.578702,1668.159909,569.957012,0.448884409,41.884785,0.000000,0.999836456
P8,6,1285.982707,5852.561409,1852.510260,566.527552,0.511803826,37.102909,0.000000,0.999348304
P8,7,1535.135888,7387.697298,2098.703038,563.567150,0.587231481,31.373775,0.000000,0.997243447
P8,8,1884.689969,9272.387267,2450.034351,565.344382,0.669274072,25.272339,0.000000,0.990448358
P8,9,2193.340217,11465.727484,2768.393432,575.053215,0.730277654,20.890803,0.000000,0.979023421
P8,10,2492.375776,13958.103260,3085.424415,593.048639,0.769852037,18.202511,0.000544,0.962110376
P8,11,2750.894617,16708.997877,3372.450758,621.556141,0.798295810,16.407350,0.056335,0.941180805
P8,12,2934.222077,19643.219954,3582.597355,648.375278,0.814854017,15.401349,0.181999,0.919620751
P8,13,3062.275263,22705.495216,3722.252789,659.977527,0.823042581,14.906713,0.332728,0.754210543
P8,14,3186.722845,25892.218062,3863.170343,676.447498,0.832090279,14.336422,0.677591,0.732045591
P8,15,3235.829450,29128.047512,3927.786779,691.957329,0.839524616,13.846232,1.019789,0.706659146
P8,16,3357.358907,32485.406419,4068.357000,710.998094,0.847674538,13.290852,1.446460,0.677567856
P8,17,3348.962622,35834.369041,4057.522128,708.559506,0.847004890,13.352797,1.186219,0.649650890
P8,18,3371.684550,39206.053590,4067.625503,695.940953,0.845474776,13.476311,0.805218,0.624856337
P8,19,3182.078466,42388.132057,3850.698689,668.620223,0.836033241,14.103482,0.307406,0.599273593
P8,20,3216.136658,45604.268715,3883.411616,667.274958,0.833518360,14.310806,0.187617,0.576388707
P8,21,3311.072442,48915.341157,3994.342644,683.270201,0.836041654,14.204123,0.318213,0.553556486
P8,22,3241.758925,52157.100083,3918.632695,676.873769,0.830956596,14.615926,0.283887,0.530880188
P8,23,3149.206905,55306.306988,3818.507814,669.300909,0.823278153,15.214136,0.138112,0.508032756
P8,24,3181.262954,58487.569942,3864.616331,683.353377,0.831599884,14.670282,0.191145,0.487658528
P8,25,3151.022130,61638.592072,3842.049787,691.027657,0.833517218,14.565829,0.191999,0.262767816
P8,26,2980.355211,64618.947283,3668.060353,687.705141,0.825467204,15.173873,0.130930,0.248131569
P8,27,3013.081322,67632.028605,3703.682627,690.601305,0.826549284,15.121430,0.137445,0.244433029
P8,28,3060.159881,70692.188486,3751.997835,691.837955,0.826678509,15.133986,0.095311,0.243220644
P8,29,3104.652961,73796.841447,3794.786408,690.133447,0.825474228,15.263595,0.095086,0.243363177
P8,30,3114.823620,76911.665068,3798.072343,683.248723,0.825261478,15.256131,0.090299,0.244489552
P8,31,3186.108142,80097.773210,3873.885158,687.777016,0.830257723,14.860176,0.221827,0.245614655
P8,32,3172.386688,83270.159897,3862.251378,689.864691,0.832533951,14.676120,0.329436,0.244560619
P8,33,3306.851380,86577.011277,4004.275285,697.423906,0.843740446,13.829330,0.416661,0.242802486
P8,34,3346.794883,89923.806160,4052.950458,706.155575,0.848310466,13.499725,0.495371,0.238730866
P8,35,3547.578441,93471.384601,4268.423657,720.845216,0.857845213,12.774900,0.678523,0.233947220
P8,36,3742.032690,97213.417292,4467.707214,725.674523,0.861882423,12.512158,0.654274,0.228682315
P8,37,3887.507696,101100.924988,4602.246109,714.738412,0.856522394,12.972064,0.502020,0.175084298
P8,38,4004.650488,105105.575476,4706.336076,701.685589,0.850011562,13.507680,0.379977,0.173502032
P8,39,3979.357428,109084.932903,4667.288945,687.931518,0.835092181,14.705820,0.139819,0.171582026
P8,40,3842.165932,112927.098836,4524.300942,682.135010,0.811854440,16.569152,0.021663,0.171033303
P8,41,3800.330767,116727.429603,4488.821896,688.491129,0.809234812,16.794340,0.002900,0.175368152
P8,42,3781.933337,120509.362939,4469.220129,687.286792,0.813551560,16.487845,0.003999,0.183162071
P8,43,3773.809188,124283.172127,4472.131877,698.322689,0.816195013,16.304660,0.004398,0.192510871
P8,44,3752.006687,128035.178814,4449.129797,697.123110,0.816053221,16.334075,0.002271,0.202723766
P8,45,3698.751737,131733.930550,4393.375436,694.623700,0.816310825,16.311008,0.002985,0.213316364
P8,46,3756.107307,135490.037858,4446.545023,690.437715,0.822340936,15.816677,0.010267,0.222976322
P8,47,3792.031154,139282.069011,4483.785578,691.754424,0.823551585,15.714366,0.024457,0.231565841
P8,48,3818.901068,143100.970079,4508.124682,689.223614,0.823372018,15.746056,0.031665,0.238227221
P8,49,3773.022127,146873.992207,4461.462575,688.440448,0.817764044,16.245187,0.034430,0.299880282
P8,50,3707.906871,150581.899077,4392.816148,684.909278,0.809302648,16.969614,0.025938,0.293261740
P8,51,3682.759219,154264.658296,4362.915349,680.156130,0.804038477,17.422666,0.022892,0.285050001
P8,52,3642.130876,157906.789173,4319.726051,677.595175,0.796601126,18.057946,0.015624,0.277806941
P8,53,3531.396832,161438.186005,4202.925164,671.528332,0.786716212,18.905108,0.011900,0.271082254
P8,54,3366.251714,164804.437719,4031.696594,665.444880,0.770328261,20.285081,0.004932,0.266289540
P8,55,3200.299089,168004.736808,3855.127864,654.828775,0.756251271,21.445056,0.000593,0.263441378
P8,56,3022.662274,171027.399082,3669.529024,646.866749,0.739941451,22.863717,0.000000,0.262161413
P8,57,2832.873175,173860.272257,3476.351622,643.478447,0.725418034,24.085315,0.000000,0.262195315
P8,58,2620.383962,176480.656219,3261.595419,641.211458,0.705468259,25.838187,0.000000,0.263346791
P8,59,2434.385183,178915.041402,3074.922255,640.537072,0.688560625,27.319065,0.000000,0.265523900
P8,60,2710.348472,181625.389874,3352.841431,642.492958,0.723191011,24.460852,0.002185,0.265744015
P9,1,790.926031,790.926031,1357.610000,566.683969,0.348421053,49.520000,0.000000,1.000000000
P9,2,785.014325,1575.940356,1357.610000,572.595675,0.373289474,47.630000,0.000000,1.000000000
P9,3,780.067369,2356.007725,1360.485571,580.418202,0.323868421,51.386000,0.000000,1.000000000
P9,4,807.245681,3163.253406,1387.087714,579.842033,0.354116541,49.087143,0.000000,1.000000000
P9,5,894.271818,4057.525224,1472.517266,578.245449,0.397423413,45.795821,0.000000,0.999820755
P9,6,1010.425375,5067.950599,1585.612510,575.187135,0.444605048,42.210016,0.000000,0.999261452
P9,7,1181.430079,6249.380678,1750.377967,568.947888,0.498602603,38.106202,0.000000,0.996853557
P9,8,1369.682605,7619.063283,1931.826650,562.144045,0.551235532,34.107345,0.000000,0.991093117
P9,9,1576.551791,9195.615073,2129.779328,553.227537,0.602623441,30.215244,0.000000,0.981956519
P9,10,1805.280529,11000.895602,2357.834241,552.553712,0.648815680,26.768072,0.001458,0.968256056
P9,11,2001.835338,13002.730940,2555.241007,553.405670,0.687092462,23.966219,0.018917,0.951577980
P9,12,2139.767715,15142.498655,2699.776746,560.009030,0.712776325,22.115495,0.046896,0.934179722
P9,13,2241.237614,17383.736269,2800.603408,559.365793,0.726310646,21.163333,0.086376,0.788034180
P9,14,2366.071509,19749.807779,2930.617266,564.545757,0.742143757,20.067993,0.177408,0.771433046
P9,15,2504.446422,22254.254201,3078.186364,573.739942,0.757661023,19.011108,0.420566,0.755404911
P9,16,2722.919521,24977.173722,3311.424636,588.505114,0.776511894,17.733355,0.758927,0.735270352
P9,17,2837.810521,27814.984244,3433.668306,595.857785,0.783801374,17.245680,0.865892,0.716674608
P9,18,2872.882563,30687.866807,3472.401751,599.519188,0.787461282,16.996743,0.853636,0.699411816
P9,19,2692.334505,33380.201312,3283.616358,591.281852,0.777457384,17.665838,0.609315,0.681238366
P9,20,2757.335898,36137.537210,3356.190570,598.854672,0.780047500,17.495920,0.666370,0.666406008
P9,21,2908.547543,39046.084753,3510.961400,602.413857,0.786381465,17.077450,0.809214,0.652934584
P9,22,2904.648742,41950.733495,3503.847897,599.199155,0.781267897,17.409547,0.676659,0.640520145
P9,23,2843.765642,44794.499137,3432.494604,588.728962,0.769520519,18.187087,0.410182,0.628004638
P9,24,2830.648334,47625.147471,3418.539283,587.890948,0.767827160,18.302381,0.402887,0.617680476
P9,25,2744.137801,50369.285272,3331.705213,587.567413,0.759076787,18.916709,0.369794,0.515684364
P9,26,2497.760644,52867.045916,3076.082476,578.321831,0.735584946,20.552128,0.172140,0.499529852
P9,27,2468.486755,55335.532671,3048.975489,580.488734,0.725190435,21.300615,0.161354,0.492738458
P9,28,2453.593379,57789.126050,3027.815956,574.222577,0.714243322,22.078400,0.118431,0.487231850
P9,29,2455.189668,60244.315718,3032.777002,577.587334,0.704593642,22.789771,0.139087,0.482351331
P9,30,2453.979402,62698.295120,3028.937799,574.958397,0.692516847,23.673978,0.119106,0.477721951
P9,31,2438.480177,65136.775297,3008.773399,570.293222,0.684194721,24.290552,0.139459,0.471052406
P9,32,2290.701896,67427.477193,2858.423247,567.721351,0.662293220,25.887698,0.073418,0.460292492
P9,33,2346.328488,69773.805681,2912.324638,565.996151,0.667206778,25.537397,0.082914,0.448556274
P9,34,2360.369496,72134.175177,2928.523467,568.153972,0.667552796,25.536061,0.129959,0.434851935
P9,35,2606.474931,74740.650108,3181.751364,575.276433,0.694040483,23.636792,0.343235,0.421370115
P9,36,2915.285085,77655.935193,3500.008263,584.723178,0.723823171,21.483856,0.501028,0.409519590
P9,37,3225.214142,80881.149335,3811.927350,586.713207,0.743115043,20.095082,0.593339,0.317508002
P9,38,3456.413510,84337.562845,4045.447363,589.033854,0.758356487,19.004628,0.626569,0.319618026
P9,39,3527.907979,87865.470824,4115.643879,587.735900,0.757881141,19.023618,0.478550,0.321236491
P9,40,3362.206708,91227.677531,3935.399711,573.193003,0.729703141,20.980332,0.173466,0.317011929
P9,41,3237.899133,94465.576664,3809.604711,571.705578,0.716643042,21.919761,0.129089,0.315459027
P9,42,3154.587761,97620.164425,3721.075971,566.488210,0.712536986,22.217797,0.130886,0.317687230
P9,43,3052.751201,100672.915626,3620.087600,567.336400,0.697398309,23.320252,0.102685,0.320857919
P9,44,2890.910899,103563.826525,3454.408703,563.497804,0.672007776,25.172741,0.060461,0.324282591
P9,45,2607.188280,106171.014804,3173.597692,566.409412,0.630491518,28.252787,0.021881,0.327410082
P9,46,2390.143273,108561.158078,2951.711337,561.568063,0.590405463,31.268801,0.013762,0.329350581
P9,47,2140.747837,110701.905915,2703.268938,562.521101,0.546538896,34.577727,0.005313,0.330372740
P9,48,1918.629378,112620.535293,2483.175280,564.545901,0.502243177,37.930652,0.000154,0.329813251
P9,49,1729.218857,114349.754150,2294.737409,565.518552,0.463113549,40.906161,0.001488,0.302357657
P9,50,1564.728175,115914.482326,2131.494335,566.766159,0.430156394,43.412303,0.000368,0.285001000
P9,51,1454.760050,117369.242376,2024.569366,569.809316,0.408169613,45.084476,0.001717,0.263707362
P9,52,1380.471635,118749.714011,1950.285803,569.814169,0.393261185,46.217837,0.001209,0.246178672
P9,53,1333.771896,120083.485907,1901.861705,568.089809,0.388473453,46.588852,0.002391,0.232416818
P9,54,1268.272771,121351.758678,1837.713928,569.441157,0.380470417,47.198938,0.000940,0.222729531
P9,55,1187.630501,122539.389179,1756.786608,569.156107,0.367889728,48.156592,0.000000,0.216520662
P9,56,1130.490498,123669.879677,1698.542247,568.051749,0.356109749,49.054473,0.000000,0.213037409
P9,57,1061.182580,124731.062258,1629.300643,568.118063,0.343982769,49.976842,0.000000,0.211568134
P9,58,971.974857,125703.037115,1540.286608,568.311751,0.329984334,51.040571,0.000000,0.211403728
P9,59,904.504418,126607.541533,1473.354839,568.850421,0.323947072,51.501107,0.000000,0.212632413
P9,60,1139.714189,127747.255722,1704.789505,565.075316,0.361856884,48.612126,0.000000,0.211834447
